{"cameraMode":{"drawMode":0,"name":"Shaded","section":"Shading Mode"},"sceneLighting":true,"audioPlay":false,"sceneViewState":{"m_AlwaysRefresh":false,"showFog":true,"showSkybox":true,"showFlares":true,"showImageEffects":true,"showParticleSystems":true,"showVisualEffectGraphs":true,"m_FxEnabled":true},"in2DMode":false,"pivot":{"x":0.6483779549598694,"y":12.719159126281739,"z":-0.5127426981925964},"rotation":{"x":-0.5173221826553345,"y":0.4726273715496063,"z":-0.4287942349910736,"w":-0.5702069401741028},"size":0.13560828566551209,"orthographic":false}